section,in_resume,title,institution,loc,start,end,description_1,description_2,description_3
education,TRUE,"MFA, Acting",Warner Bros. University,"Burbank, CA",1987,1990,Working on Bayesian network models & interactive visualization platforms.,NA,NA
education,TRUE,"BFA, Animation",Warner Bros. University,"Burbank, CA",1937,1941,"Hands-on studio training in drawing, modeling, digital software, and timeline. sequencing",NA,NA
education,TRUE,"Certificate, Cosmetology ",Beauty School,"Los Angeles, CA",2011,2011,Completed fundamental core tracks of the curriculum.,Specialties: Cutting bangs and styling perms.,NA
entertainment_positions,TRUE,Actor,Warner Bros. Entertainment,"Burbank, CA",1937,2026,"Starred in 130+ classic theatrical shorts, 5 feature films, amd 15 television series.",First Apperance: Porky's Duck Hunt (1937),Merrie Melodies and Looney Tunes
entertainment_positions,TRUE,Professional Co-Headlining Dueling Pianist,Ink and Paint Club,"Los Angeles, CA",1947,1988,"Delivered high-energy, improvisational, and adversarial jazz piano performances in a nightly, high-profile stage act alongside Donald Duck.","Club entrance password: ""Walt sent me.""",NA
sports_positions,TRUE,Basketball player,Tune Squad,"Tune Stadium, Moron Mountain",1996,1996,"Starting Power Forward, Jersey #2.",Played with Michael Jordan.,Won 1996 championship.
sports_positions,TRUE,Basketball coach,Tune Squad,Warner Bros. Serververse,2021,2021,Self-appointed coach.,Coached LeBron James.,Won 2021 championship.
sports_positions,TRUE,Semi-Pro Amateur Bowler,Daffy's Ducks,"Los Angeles, California",2011,2014,Founder of the team and player.,No championship wins.,
research_positions,TRUE,ACME Cartoon Product Tester,ACME Labs,"Albuquerque, New Mexico",1985,1992,"Evaluated high-risk, experimental cartoon products and facilitated the transition from cartoon logic to human commercial market use.",Worked on Project Sisyphus. Acme Corporation subsidiary.,Supervisor: Dr. Peter Lorre.
espionage_positions,TRUE,Space Captain,Galactic Protectorate,"Planet X, Earth",2301,2400,deep-space explorer tasked with defending Earth and claiming new planets for the Galactic Protectorate.,Alias: Duck Dodgers,NA
espionage_positions,TRUE,Accidental Espionage Asset,Area 52,"Greater Las Vegas, NV",2003,2003,"Provided unsolicited, chaotic tactical support to a high-stakes intelligence rescue operation. Successfully disrupted a global corporate conspiracy.",Saved [REDACTED] from capture,NA
script_writings,TRUE,Looney Tunes,Warner Bros. Animation Inc.,NA,NA,2026,Series of animated short films,NA,NA
script_writings,TRUE,Merrie Melodies,Warner Bros. Animation Inc.,NA,NA,1969,Series of animated short films,NA,NA
by_me_press,TRUE,The Day the Earth Blew Up: A Looney Tunes Movie,Warner Bros. Animation Inc.,NA,,2024,"Daffy Duck and Porky Pig must save the""Oith"".",Theatrical Film Release,NA
